login,name,company,location,email,hireable,bio,public_repos,followers,following,created_at
tj,,,,,,,,,,
kunal-kushwaha,,,,,,,,,,
angelabauer,,,,,,,,,,
jlord,,,,,,,,,,
Elfocrash,,,,,,,,,,
alyssaxuu,,,,,,,,,,
eddiejaoude,,,,,,,,,,
daneden,,,,,,,,,,
LaravelDaily,,,,,,,,,,
jskeet,,,,,,,,,,
mattdesl,,,,,,,,,,
cloudflare,,,,,,,,,,
nicklockwood,,,,,,,,,,
jgthms,,,,,,,,,,
bizz84,,,,,,,,,,
samuelcolvin,,,,,,,,,,
Lissy93,,,,,,,,,,
jgilfelt,,,,,,,,,,
sonnysangha,,,,,,,,,,
nickbutcher,,,,,,,,,,
florina-muntenescu,,,,,,,,,,
pydanny,,,,,,,,,,
SaraVieira,,,,,,,,,,
dsyer,,,,,,,,,,
trueadm,,,,,,,,,,
matryer,,,,,,,,,,
adamchainz,,,,,,,,,,
gordicaleksa,,,,,,,,,,
lewagon,,,,,,,,,,
threepointone,,,,,,,,,,
